time,threads
0.0722649,1
0.0577043,2
0.0519899,3
0.0478041,4
