time,threads
0.102047,1
0.0733526,2
0.0631395,3
0.107334,4
